{"schemaVersion":"1.0","appDefinitionTemplate":{"id":"/providers/Microsoft.PowerApps/apps/","type":"Microsoft.PowerApps/apps","tags":{"primaryDeviceWidth":"640","primaryDeviceHeight":"1136","sienaVersion":"20210731T103927Z-3.21073.25.0","deviceCapabilities":"","supportsPortrait":"true","supportsLandscape":"true","primaryFormFactor":"Phone","publisherVersion":"3.21073.25","minimumRequiredApiVersion":"2.2.0","hasComponent":"false","hasUnlockedComponent":"false","isUnifiedRootApp":"false"},"properties":{"appVersion":"2021-07-31T10:39:27Z","lifeCycleId":"Published","createdByClientVersion":{"major":3,"minor":21073,"build":25,"revision":0,"majorRevision":0,"minorRevision":0},"minClientVersion":{"major":3,"minor":21073,"build":25,"revision":0,"majorRevision":0,"minorRevision":0},"backgroundColor":"rgba(0, 176, 240, 1)","backgroundImageUri":"/4769240592790732164/N794efdb7-ee7c-46ab-9833-7cbeb04d649c-logoSmallFile","displayName":"createMeeting","description":"","commitMessage":"","appUris":{"documentUri":{"value":"/4769240592790732164/Naa4c9ac7-0633-4c5b-bfe2-261515e0bde1-document.msapp"},"imageUris":[]},"createdTime":"0001-01-01T00:00:00Z","lastModifiedTime":"0001-01-01T00:00:00Z","sharedGroupsCount":0,"sharedUsersCount":0,"icons":{"smallIconUri":"/4769240592790732164/Ne04f4e79-8485-4f76-a22b-440c76dac5b9-small.png","mediumIconUri":"/4769240592790732164/N8c4fb061-fa56-4076-ac56-c31dbdedcb62-medium.png","largeIconUri":"/4769240592790732164/N2b4553da-01dd-4167-95c7-41e26d7486de-large.png","wideIconUri":"/4769240592790732164/N66e1473c-957b-4559-86d8-5f90edeace5c-wide.png"},"connectionReferences":{"a83acc6a-bc2f-4f84-971e-d9fc298c3d42":{"id":"bea1a0cb-24b0-4b6b-894d-f69afe3478bd","displayName":"SharePoint","iconUri":"https://connectoricons-prod.azureedge.net/releases/v1.0.1487/1.0.1487.2472/sharepointonline/icon.png","dataSources":["meetingDetails"],"dependencies":[],"dependents":["6128f0df-a61b-4d79-acaa-877b7f5c5e6b"],"parameterHints":{},"parameterHintsV2":{},"isOnPremiseConnection":false,"bypassConsent":false,"dataSets":{"https://cloudica365.sharepoint.com/sites/Meeting":{"dataSources":{"meetingDetails":{"tableName":"c8212dfb-33cf-4829-815a-a4c4fec290de"}}}},"apiTier":"Standard","isCustomApiConnection":false},"6128f0df-a61b-4d79-acaa-877b7f5c5e6b":{"id":"755a490d-2cd7-42dc-bfb7-59dc3f66931e","displayName":"Logic flows","iconUri":"https://connectoricons-prod.azureedge.net/releases/v1.0.1438/1.0.1438.2324/logicflows/icon.png","dataSources":["PowerAppsdüğmesi"],"dependencies":["a83acc6a-bc2f-4f84-971e-d9fc298c3d42","e4564dea-528a-4f30-a971-4eeeaba72bc0","63bdbff8-b6b3-4288-ab24-89da536a9b8e"],"dependents":[],"parameterHints":{"workflowName":{"value":"ecf7ee06-8e32-49cd-9e77-e869472a29f5"},"workflowEntityId":{},"a83acc6a-bc2f-4f84-971e-d9fc298c3d42":{"value":"shared_sharepointonline"},"e4564dea-528a-4f30-a971-4eeeaba72bc0":{"value":"shared_office365_1"},"63bdbff8-b6b3-4288-ab24-89da536a9b8e":{"value":"shared_office365"}},"parameterHintsV2":{"workflowName":{"value":"ecf7ee06-8e32-49cd-9e77-e869472a29f5"},"workflowEntityId":{},"shared_sharepointonline":{"value":"a83acc6a-bc2f-4f84-971e-d9fc298c3d42"},"shared_office365_1":{"value":"e4564dea-528a-4f30-a971-4eeeaba72bc0"},"shared_office365":{"value":"63bdbff8-b6b3-4288-ab24-89da536a9b8e"}},"isOnPremiseConnection":false,"bypassConsent":false,"dataSets":{},"apiTier":"Standard","isCustomApiConnection":false,"actions":["Run"]},"e4564dea-528a-4f30-a971-4eeeaba72bc0":{"id":"5b64c6ce-e32c-4f8f-8b6c-1501644cb443","displayName":"Office 365 Outlook","iconUri":"https://connectoricons-prod.azureedge.net/releases/v1.0.1482/1.0.1482.2463/office365/icon.png","dataSources":[],"dependencies":[],"dependents":["6128f0df-a61b-4d79-acaa-877b7f5c5e6b"],"parameterHints":{},"parameterHintsV2":{},"isOnPremiseConnection":false,"bypassConsent":false,"dataSets":{},"apiTier":"Standard","isCustomApiConnection":false},"63bdbff8-b6b3-4288-ab24-89da536a9b8e":{"id":"5b64c6ce-e32c-4f8f-8b6c-1501644cb443","displayName":"Office 365 Outlook","iconUri":"https://connectoricons-prod.azureedge.net/releases/v1.0.1482/1.0.1482.2463/office365/icon.png","dataSources":[],"dependencies":[],"dependents":["6128f0df-a61b-4d79-acaa-877b7f5c5e6b"],"parameterHints":{},"parameterHintsV2":{},"isOnPremiseConnection":false,"bypassConsent":false,"dataSets":{},"apiTier":"Standard","isCustomApiConnection":false}},"databaseReferences":{},"almMode":"Environment","performanceOptimizationEnabled":true,"canConsumeAppPass":true,"executionRestrictions":{"isTeamsOnly":false,"dataLossPreventionEvaluationResult":{"status":"Compliant","lastEvaluationDate":"2021-07-18T20:40:08.5113895Z","violations":[],"violationsByPolicy":[],"violationErrorMessage":"Uygulama şu bağlayıcıları kullanıyor: shared_sharepointonline, shared_logicflows."}}},"appType":"ClassicCanvasApp","appComponents":[]}}