{"name":"732baad7-adc7-49e4-935a-87948598ef26","id":"/providers/Microsoft.Flow/flows/732baad7-adc7-49e4-935a-87948598ef26","type":"Microsoft.Flow/flows","properties":{"apiId":"/providers/Microsoft.PowerApps/apis/shared_logicflows","displayName":"CreationOfEventFromApp","definition":{"metadata":{"workflowEntityId":null,"processAdvisorMetadata":null,"flowclientsuspensionreason":"None","flowclientsuspensiontime":null,"creator":{"id":"1e2baaef-bbff-48ce-b759-e595936a73ef","type":"User","tenantId":"7ba2f5e8-ece1-4967-bdca-2a95c20d3259"},"provisioningMethod":"FromDefinition","failureAlertSubscription":true,"clientLastModifiedTime":"2021-08-03T12:02:14.249959Z"},"$schema":"https://schema.management.azure.com/providers/Microsoft.Logic/schemas/2016-06-01/workflowdefinition.json#","contentVersion":"1.0.0.0","parameters":{"$connections":{"defaultValue":{},"type":"Object"},"$authentication":{"defaultValue":{},"type":"SecureObject"}},"triggers":{"manual":{"type":"Request","kind":"PowerApp","inputs":{"schema":{"type":"object","properties":{"Createitem_Title":{"type":"string","x-ms-powerflows-param-ispartial":false},"Createitem_locationValue":{"type":"string","x-ms-powerflows-param-ispartial":false},"Createitem_ownerMail":{"type":"string","x-ms-powerflows-param-ispartial":false},"Createitem_startTime":{"type":"string","format":"date-time","x-ms-powerflows-param-ispartial":false},"Createitem_endTime":{"type":"string","format":"date-time","x-ms-powerflows-param-ispartial":false}},"required":["Createitem_Title","Createitem_locationValue","Createitem_ownerMail","Createitem_startTime","Createitem_endTime"]}}}},"actions":{"Get_items":{"runAfter":{},"type":"OpenApiConnection","inputs":{"host":{"apiId":"/providers/Microsoft.PowerApps/apis/shared_sharepointonline","connectionName":"shared_sharepointonline","operationId":"GetItems"},"parameters":{"dataset":"https://cloudica365.sharepoint.com/sites/Meeting","table":"c8212dfb-33cf-4829-815a-a4c4fec290de","$filter":"startTime le '@{triggerBody()['Createitem_startTime']}' and endDate gt '@{triggerBody()['Createitem_startTime']}' and location eq '@{triggerBody()['Createitem_locationValue']}'"},"authentication":{"value":"@json(decodeBase64(triggerOutputs().headers['X-MS-APIM-Tokens']))['$ConnectionKey']","type":"Raw"}}},"Condition":{"actions":{"Create_event_(V4)":{"runAfter":{},"type":"OpenApiConnection","inputs":{"host":{"apiId":"/providers/Microsoft.PowerApps/apis/shared_office365","connectionName":"shared_office365_1","operationId":"V4CalendarPostItem"},"parameters":{"table":"AAMkADQ1YWU5OWYwLWQ5NTEtNDYzOC1hNWVlLTI0OTMzMmUyMzRkYQBGAAAAAADWJOZkigfJTIeYmImo5nDQBwCd8x2MYkD9SbG6khxELP0uAAAAAAEGAACd8x2MYkD9SbG6khxELP0uAAAAAIf0AAA=","item/subject":"@triggerBody()['Createitem_Title']","item/start":"@substring(triggerBody()['Createitem_startTime'], 0, 19)","item/end":"@substring(triggerBody()['Createitem_endTime'], 0, 19)","item/timeZone":"(UTC) Coordinated Universal Time","item/requiredAttendees":"@triggerBody()['Createitem_ownerMail']","item/location":"@triggerBody()['Createitem_locationValue']"},"authentication":{"value":"@json(decodeBase64(triggerOutputs().headers['X-MS-APIM-Tokens']))['$ConnectionKey']","type":"Raw"}}},"Create_item":{"runAfter":{"Create_event_(V4)":["Succeeded"]},"type":"OpenApiConnection","inputs":{"host":{"apiId":"/providers/Microsoft.PowerApps/apis/shared_sharepointonline","connectionName":"shared_sharepointonline","operationId":"PostItem"},"parameters":{"dataset":"https://cloudica365.sharepoint.com/sites/Meeting","table":"c8212dfb-33cf-4829-815a-a4c4fec290de","item/Title":"@triggerBody()['Createitem_Title']","item/ownerMail":"@triggerBody()['Createitem_ownerMail']","item/startTime":"@triggerBody()['Createitem_startTime']","item/endDate":"@triggerBody()['Createitem_endTime']","item/outlookID":"@outputs('Create_event_(V4)')?['body/id']","item/location/Value":"@triggerBody()['Createitem_locationValue']"},"authentication":{"value":"@json(decodeBase64(triggerOutputs().headers['X-MS-APIM-Tokens']))['$ConnectionKey']","type":"Raw"}}}},"runAfter":{"Initialize_variable":["Succeeded"]},"else":{"actions":{"Send_an_email_(V2)":{"runAfter":{},"type":"OpenApiConnection","inputs":{"host":{"apiId":"/providers/Microsoft.PowerApps/apis/shared_office365","connectionName":"shared_office365","operationId":"SendEmailV2"},"parameters":{"emailMessage/To":"@triggerBody()['Createitem_ownerMail']","emailMessage/Subject":"Failed Appointment","emailMessage/Body":"<p>@{triggerBody()['Createitem_locationValue']} is full at the time interval that you want to make appointment.</p>"},"authentication":{"value":"@json(decodeBase64(triggerOutputs().headers['X-MS-APIM-Tokens']))['$ConnectionKey']","type":"Raw"}}}}},"expression":{"equals":["@length(outputs('Get_items')?['body/value'])",0]},"type":"If"},"Initialize_variable":{"runAfter":{"Get_items":["Succeeded"]},"type":"InitializeVariable","inputs":{"variables":[{"name":"asd","type":"integer","value":"@length(outputs('Get_items')?['body/value'])"}]}}},"outputs":{},"description":"Power Apps'te bir düğme veya bağlantı seçildiğinde gerçekleşecek bir veya daha fazla eylem oluşturun. Bu akışı Power App'te kullanmak için, akışı tetiklemesini istediğiniz denetimi seçin ve Power Apps şeridindeki Eylem sekmesine giderek Akışlar'ı seçin."},"connectionReferences":{"shared_sharepointonline":{"connectionName":"c8557331ba9a479ea03f58446fa53e3a","source":"Invoker","id":"/providers/Microsoft.PowerApps/apis/shared_sharepointonline","tier":"NotSpecified"},"shared_office365_1":{"connectionName":"shared-office365-04eaa8f3-d5a3-4429-b699-1401-053e042a","source":"Invoker","id":"/providers/Microsoft.PowerApps/apis/shared_office365","tier":"NotSpecified"},"shared_office365":{"connectionName":"shared-office365-3d04f08f-b536-4674-b4b7-f401-d426cd1f","source":"Invoker","id":"/providers/Microsoft.PowerApps/apis/shared_office365","tier":"NotSpecified"}},"flowFailureAlertSubscribed":false}}