{"name":"486d7815-5ef9-4e7c-bcfb-19dd4e3b8b27","id":"/providers/Microsoft.Flow/flows/486d7815-5ef9-4e7c-bcfb-19dd4e3b8b27","type":"Microsoft.Flow/flows","properties":{"apiId":"/providers/Microsoft.PowerApps/apis/shared_logicflows","displayName":"CreationOfEventFromCalendar","definition":{"metadata":{"workflowEntityId":null,"processAdvisorMetadata":null,"flowclientsuspensionreason":"None","flowclientsuspensiontime":null,"creator":{"id":"1e2baaef-bbff-48ce-b759-e595936a73ef","type":"User","tenantId":"7ba2f5e8-ece1-4967-bdca-2a95c20d3259"},"provisioningMethod":"FromDefinition","failureAlertSubscription":true,"clientLastModifiedTime":"2021-08-03T12:01:14.8658177Z"},"$schema":"https://schema.management.azure.com/providers/Microsoft.Logic/schemas/2016-06-01/workflowdefinition.json#","contentVersion":"1.0.0.0","parameters":{"$connections":{"defaultValue":{},"type":"Object"},"$authentication":{"defaultValue":{},"type":"SecureObject"}},"triggers":{"When_an_event_is_added,_updated_or_deleted_(V3)":{"splitOn":"@triggerOutputs()?['body/value']","type":"OpenApiConnectionNotification","inputs":{"host":{"apiId":"/providers/Microsoft.PowerApps/apis/shared_office365","connectionName":"shared_office365_1","operationId":"CalendarGetOnChangedItemsV3"},"parameters":{"table":"AAMkADQ1YWU5OWYwLWQ5NTEtNDYzOC1hNWVlLTI0OTMzMmUyMzRkYQBGAAAAAADWJOZkigfJTIeYmImo5nDQBwCd8x2MYkD9SbG6khxELP0uAAAAAAEGAACd8x2MYkD9SbG6khxELP0uAAAAAIf0AAA=","incomingDays":300,"pastDays":50},"authentication":"@parameters('$authentication')"}}},"actions":{"Condition":{"actions":{"Apply_to_each_2":{"foreach":"@outputs('Get_items')?['body/value']","actions":{"Update_item":{"runAfter":{},"type":"OpenApiConnection","inputs":{"host":{"apiId":"/providers/Microsoft.PowerApps/apis/shared_sharepointonline","connectionName":"shared_sharepointonline","operationId":"PatchItem"},"parameters":{"dataset":"https://cloudica365.sharepoint.com/sites/Meeting","table":"c8212dfb-33cf-4829-815a-a4c4fec290de","id":"@items('Apply_to_each_2')?['ID']","item/Title":"@triggerOutputs()?['body/subject']","item/ownerMail":"@triggerOutputs()?['body/organizer']","item/startTime":"@substring(triggerOutputs()?['body/start'], 0, 19)","item/endDate":"@substring(triggerOutputs()?['body/end'], 0, 19)","item/outlookID":"@triggerOutputs()?['body/id']","item/location/Value":"@triggerOutputs()?['body/location']"},"authentication":"@parameters('$authentication')"}}},"runAfter":{},"type":"Foreach"}},"runAfter":{"Initialize_variable":["Succeeded"]},"else":{"actions":{"Condition_2":{"actions":{"Condition_3":{"actions":{"Create_item":{"runAfter":{},"type":"OpenApiConnection","inputs":{"host":{"apiId":"/providers/Microsoft.PowerApps/apis/shared_sharepointonline","connectionName":"shared_sharepointonline","operationId":"PostItem"},"parameters":{"dataset":"https://cloudica365.sharepoint.com/sites/Meeting","table":"c8212dfb-33cf-4829-815a-a4c4fec290de","item/Title":"@triggerOutputs()?['body/subject']","item/ownerMail":"@triggerOutputs()?['body/organizer']","item/startTime":"@substring(triggerOutputs()?['body/start'], 0, 19)","item/endDate":"@substring(triggerOutputs()?['body/end'], 0, 19)","item/outlookID":"@triggerOutputs()?['body/id']","item/location/Value":"@triggerOutputs()?['body/location']"},"authentication":"@parameters('$authentication')"}}},"runAfter":{},"expression":{"equals":["@length(outputs('Get_items')?['body/value'])",0]},"type":"If"}},"runAfter":{},"else":{"actions":{"Apply_to_each":{"foreach":"@outputs('Get_items')?['body/value']","actions":{"Delete_item":{"runAfter":{},"type":"OpenApiConnection","inputs":{"host":{"apiId":"/providers/Microsoft.PowerApps/apis/shared_sharepointonline","connectionName":"shared_sharepointonline","operationId":"DeleteItem"},"parameters":{"dataset":"https://cloudica365.sharepoint.com/sites/Meeting","table":"c8212dfb-33cf-4829-815a-a4c4fec290de","id":"@items('Apply_to_each')?['ID']"},"authentication":"@parameters('$authentication')"}}},"runAfter":{},"type":"Foreach"}}},"expression":{"equals":["@triggerOutputs()?['body/ActionType']","added"]},"type":"If"}}},"expression":{"equals":["@triggerOutputs()?['body/ActionType']","updated"]},"type":"If"},"Get_items":{"runAfter":{},"type":"OpenApiConnection","inputs":{"host":{"apiId":"/providers/Microsoft.PowerApps/apis/shared_sharepointonline","connectionName":"shared_sharepointonline","operationId":"GetItems"},"parameters":{"dataset":"https://cloudica365.sharepoint.com/sites/Meeting","table":"c8212dfb-33cf-4829-815a-a4c4fec290de","$filter":"outlookID eq '@{triggerOutputs()?['body/id']}'"},"authentication":"@parameters('$authentication')"}},"Initialize_variable":{"runAfter":{"Get_items":["Succeeded"]},"type":"InitializeVariable","inputs":{"variables":[{"name":"asdasd","type":"string","value":"@triggerOutputs()?['body/ActionType']"}]}}},"outputs":{},"description":""},"connectionReferences":{"shared_sharepointonline":{"connectionName":"c8557331ba9a479ea03f58446fa53e3a","source":"Embedded","id":"/providers/Microsoft.PowerApps/apis/shared_sharepointonline","tier":"NotSpecified"},"shared_office365_1":{"connectionName":"shared-office365-3d04f08f-b536-4674-b4b7-f401-d426cd1f","source":"Embedded","id":"/providers/Microsoft.PowerApps/apis/shared_office365","tier":"NotSpecified"}},"flowFailureAlertSubscribed":false}}