{"name":"5ccf0ef1-8f67-4513-bd02-f217e5c3b2ee","id":"/providers/Microsoft.Flow/flows/5ccf0ef1-8f67-4513-bd02-f217e5c3b2ee","type":"Microsoft.Flow/flows","properties":{"apiId":"/providers/Microsoft.PowerApps/apis/shared_logicflows","displayName":"TagManagger","definition":{"metadata":{"workflowEntityId":null,"processAdvisorMetadata":null,"flowclientsuspensionreason":"None","flowclientsuspensiontime":null,"creator":{"id":"1e2baaef-bbff-48ce-b759-e595936a73ef","type":"User","tenantId":"7ba2f5e8-ece1-4967-bdca-2a95c20d3259"},"provisioningMethod":"FromDefinition","failureAlertSubscription":true,"clientLastModifiedTime":"2021-08-03T10:26:07.8917909Z"},"$schema":"https://schema.management.azure.com/providers/Microsoft.Logic/schemas/2016-06-01/workflowdefinition.json#","contentVersion":"1.0.0.0","parameters":{"$connections":{"defaultValue":{},"type":"Object"},"$authentication":{"defaultValue":{},"type":"SecureObject"}},"triggers":{"HTTP":{"recurrence":{"frequency":"Minute","interval":5},"type":"Http","inputs":{"method":"POST","uri":"https://mytaglist.com/ethLogShared.asmx/GetEventRawDataByUUID","headers":{"Content-Type":"application/json; charset=utf-8"},"body":{"uuid":"ef99f5e4-f09b-40e4-bd19-27711c985bcc"}},"conditions":[],"runtimeConfiguration":{"concurrency":{"runs":2}}}},"actions":{"JSON_Ayrıştır":{"runAfter":{},"type":"ParseJson","inputs":{"content":"@triggerBody()","schema":{"type":"object","properties":{"d":{"type":"array","items":{"type":"object","properties":{"__type":{"type":"string"},"date":{"type":"string"},"time":{"type":"string"},"eventType":{"type":"string"},"durationSec":{"type":"integer"},"angle":{"type":"integer"}},"required":["__type","date","time","eventType","durationSec","angle"]}}}}}},"Değişken_başlat":{"runAfter":{"JSON_Ayrıştır":["Succeeded"]},"type":"InitializeVariable","inputs":{"variables":[{"name":"LastSituation","type":"object","value":"@last(body('JSON_Ayrıştır')?['d'])"}]}},"Koşul":{"actions":{"Öğeleri_al":{"runAfter":{},"type":"OpenApiConnection","inputs":{"host":{"apiId":"/providers/Microsoft.PowerApps/apis/shared_sharepointonline","connectionName":"shared_sharepointonline","operationId":"GetItems"},"parameters":{"dataset":"https://cloudica365.sharepoint.com/sites/Meeting","table":"c8212dfb-33cf-4829-815a-a4c4fec290de","$filter":"startTime lt '@{utcNow()}' and endDate ge '@{utcNow()}' and location eq 'Cloudica Conference Room'"},"authentication":"@parameters('$authentication')"}},"Condition_3":{"actions":{"Delay":{"runAfter":{},"type":"Wait","inputs":{"interval":{"count":5,"unit":"Minute"}}},"Apply_to_each_2":{"foreach":"@outputs('Öğeleri_al')?['body/value']","actions":{"Send_email_with_options":{"runAfter":{},"type":"OpenApiConnectionWebhook","inputs":{"host":{"apiId":"/providers/Microsoft.PowerApps/apis/shared_office365","connectionName":"shared_office365","operationId":"SendMailWithOptions"},"parameters":{"optionsEmailSubscription/Message/To":"@items('Apply_to_each_2')?['ownerMail']","optionsEmailSubscription/Message/Subject":"Room Activity","optionsEmailSubscription/Message/Options":"Yes, No","optionsEmailSubscription/Message/Body":"Have you done with the meeting room?","optionsEmailSubscription/Message/Importance":"High","optionsEmailSubscription/Message/HideHTMLMessage":false,"optionsEmailSubscription/Message/ShowHTMLConfirmationDialog":false},"authentication":"@parameters('$authentication')"}},"Condition":{"actions":{"Delete_event_(V2)_2":{"runAfter":{},"type":"OpenApiConnection","inputs":{"host":{"apiId":"/providers/Microsoft.PowerApps/apis/shared_office365","connectionName":"shared_office365","operationId":"CalendarDeleteItem_V2"},"parameters":{"calendar":"AAMkADQ1YWU5OWYwLWQ5NTEtNDYzOC1hNWVlLTI0OTMzMmUyMzRkYQBGAAAAAADWJOZkigfJTIeYmImo5nDQBwCd8x2MYkD9SbG6khxELP0uAAAAAAEGAACd8x2MYkD9SbG6khxELP0uAAAAAIf0AAA=","event":"@items('Apply_to_each_2')?['outlookID']"},"authentication":"@parameters('$authentication')"}},"Delete_item_2":{"runAfter":{"Delete_event_(V2)_2":["Succeeded"]},"type":"OpenApiConnection","inputs":{"host":{"apiId":"/providers/Microsoft.PowerApps/apis/shared_sharepointonline","connectionName":"shared_sharepointonline","operationId":"DeleteItem"},"parameters":{"dataset":"https://cloudica365.sharepoint.com/sites/Meeting","table":"c8212dfb-33cf-4829-815a-a4c4fec290de","id":"@items('Apply_to_each_2')?['ID']"},"authentication":"@parameters('$authentication')"}},"Create_item":{"runAfter":{"Delete_item_2":["Succeeded"]},"type":"OpenApiConnection","inputs":{"host":{"apiId":"/providers/Microsoft.PowerApps/apis/shared_sharepointonline","connectionName":"shared_sharepointonline","operationId":"PostItem"},"parameters":{"dataset":"https://cloudica365.sharepoint.com/sites/Meeting","table":"139c5f0a-30ca-4ea8-bf53-24ef165245e3","item/Title":"@items('Apply_to_each_2')?['Title']","item/DeletedEventID":"@items('Apply_to_each_2')?['outlookID']","item/CancellationTime":"@utcNow()","item/EndTime":"@items('Apply_to_each_2')?['endDate']","item/StartTime":"@items('Apply_to_each_2')?['startTime']"},"authentication":"@parameters('$authentication')"}}},"runAfter":{"Send_email_with_options":["Succeeded"]},"else":{"actions":{"Delay_2":{"runAfter":{},"type":"Wait","inputs":{"interval":{"count":10,"unit":"Minute"}}}}},"expression":{"equals":["@outputs('Send_email_with_options')?['body/SelectedOption']","Yes"]},"type":"If"}},"runAfter":{"Delay":["Succeeded"]},"type":"Foreach"}},"runAfter":{"Öğeleri_al":["Succeeded"]},"expression":{"not":{"equals":["@length(outputs('Öğeleri_al')?['body/value'])",0]}},"type":"If"}},"runAfter":{"Değişken_başlat":["Succeeded"]},"expression":{"equals":["@variables('LastSituation')['eventType']","TimedOut"]},"type":"If"}},"outputs":{}},"connectionReferences":{"shared_sharepointonline":{"connectionName":"c8557331ba9a479ea03f58446fa53e3a","source":"Embedded","id":"/providers/Microsoft.PowerApps/apis/shared_sharepointonline","tier":"NotSpecified"},"shared_office365":{"connectionName":"shared-office365-3d04f08f-b536-4674-b4b7-f401-d426cd1f","source":"Embedded","id":"/providers/Microsoft.PowerApps/apis/shared_office365","tier":"NotSpecified"}},"flowFailureAlertSubscribed":false}}